{
  "hash": "a4a0b765",
  "configHash": "10beeee6",
  "lockfileHash": "da46aed2",
  "browserHash": "50872d36",
  "optimized": {
    "@angular/common": {
      "src": "../../../../../../node_modules/@angular/common/fesm2022/common.mjs",
      "file": "@angular_common.js",
      "fileHash": "1d2ca608",
      "needsInterop": false
    },
    "@angular/common/http": {
      "src": "../../../../../../node_modules/@angular/common/fesm2022/http.mjs",
      "file": "@angular_common_http.js",
      "fileHash": "e964fa2b",
      "needsInterop": false
    },
    "@angular/core": {
      "src": "../../../../../../node_modules/@angular/core/fesm2022/core.mjs",
      "file": "@angular_core.js",
      "fileHash": "0ccba45e",
      "needsInterop": false
    },
    "@angular/forms": {
      "src": "../../../../../../node_modules/@angular/forms/fesm2022/forms.mjs",
      "file": "@angular_forms.js",
      "fileHash": "7bfea824",
      "needsInterop": false
    },
    "@angular/platform-browser": {
      "src": "../../../../../../node_modules/@angular/platform-browser/fesm2022/platform-browser.mjs",
      "file": "@angular_platform-browser.js",
      "fileHash": "8cfd505e",
      "needsInterop": false
    },
    "@angular/router": {
      "src": "../../../../../../node_modules/@angular/router/fesm2022/router.mjs",
      "file": "@angular_router.js",
      "fileHash": "232d8ecb",
      "needsInterop": false
    }
  },
  "chunks": {
    "chunk-NKNOXCPH": {
      "file": "chunk-NKNOXCPH.js"
    },
    "chunk-KEQJ64QG": {
      "file": "chunk-KEQJ64QG.js"
    },
    "chunk-U3FJ3BT6": {
      "file": "chunk-U3FJ3BT6.js"
    },
    "chunk-TXZMGFPN": {
      "file": "chunk-TXZMGFPN.js"
    }
  }
}